time,price
20241105,792
20241104,793
20241103,793
20241102,794
20241030,800
20241029,800
20241028,824
20241027,830
20241026,825
20241023,827
20241022,827
20241021,838
20241020,838
20241019,838
20241016,838
20241015,841
20241014,842
20241013,844
20241012,850
20241009,856
20241008,857
20241007,859
20241006,861
20241005,865
20241002,866
20241001,866
20240930,867
20240929,865
20240928,863
20240925,865
20240924,856
20240923,852
20240922,845
20240918,839
20240917,824
20240916,819
20240915,824
20240914,827
20240911,825
20240910,830
20240909,835
20240908,842
20240907,822
20240903,822
20240901,822
20240831,818
20240828,814
20240827,808
20240826,805
20240824,803
20240821,799
20240820,795
20240819,798
20240818,809
20240817,817
20240814,830
20240813,831
20240812,832
20240811,835
20240810,835
20240806,835
20240805,835
20240804,835
20240803,835
20240731,835
20240730,835
20240729,848
20240727,853
20240724,858
20240723,863
20240722,866
20240721,866
20240720,866
20240717,866
20240714,866
20240713,873
20240710,881
20240709,887
20240708,900
20240707,910
20240706,900
20240703,892
20240702,895
20240701,902
20240630,913
20240629,916
20240626,942
20240624,935
20240623,947
20240622,947
20240619,948
20240618,949
20240616,949
20240615,949
20240612,949
20240611,949
20240610,950
20240609,964
20240608,965
20240605,965
20240602,967
20240601,975
20240529,988
20240528,988
20240527,988
20240526,989
20240525,989
20240521,991
20240520,994
20240519,994
20240518,1003
20240515,994
20240514,1023
20240513,1041
20240512,1047
20240511,1047
20240508,1047
20240507,1065
20240506,1065
20240505,1084
20240501,1083
20240430,1113
20240429,1128
20240428,1132
20240427,1164
20240424,1152
20240423,1155
20240422,1161
20240421,1160
20240420,1158
20240417,1144
20240416,1150
20240415,1153
20240414,1147
20240413,1148
20240409,1182
20240408,1182
20240407,1163
20240406,1198
20240403,1231
20240402,1265
20240330,1303
20240327,1297
20240326,1260
20240325,1236
20240324,1202
20240318,1193
20240317,1182
20240316,1170
20240313,1151
20240312,1133
20240311,1130
20240310,1141
20240306,1132
20240305,1141
20240304,1145
20240303,1142
20240302,1142
20240228,1129
20240227,1135
20240226,1138
20240224,1160
20240221,1175
20240220,1189
20240219,1190
20240218,1183
20240217,1189
20240214,1215
20240213,1250
20240212,1265
20240210,1243
20240207,1223
20240206,1190
20240205,1197
20240204,1213
20240203,1235
20240131,1263
20240130,1253
20240129,1253
20240128,1219
20240127,1204
20240124,1180
20240123,1179
20240122,1214
20240121,1215
20240120,1246
20240117,1266
20240116,1231
20240115,1265
20240114,1288
20240113,1288
20240110,1322
20240109,1341
20240108,1324
20240107,1354
20240106,1374
20240103,1374
20240102,1369
20240101,1407
20231231,1373
20231230,1341
20231227,1312
20231226,1287
20231225,1321
20231224,1355
20231223,1379
20231220,1393
20231219,1393
20231218,1393
20231216,1385
20231213,1368
20231212,1365
20231211,1402
20231210,1411
20231209,1438
20231206,1405
20231205,1365
20231204,1345
20231203,1355
20231202,1385
20231129,1385
20231128,1385
20231127,1423
20231126,1457
20231125,1478
20231122,1517
20231121,1483
20231120,1509
20231119,1515
20231118,1542
20231115,1539
20231114,1511
20231113,1477
20231112,1438
20231111,1416
20231108,1416
20231107,1378
20231106,1348
20231105,1389
20231104,1389
20231101,1431
20231031,1475
20231030,1520
20231029,1566
20231028,1614
20231025,1663
20231024,1714
20231023,1767
20231022,1821
20231021,1821
20231018,1821
20231017,1821
20231016,1830
20231015,1831
20231014,1831
20231011,1832
20231010,1834
20231009,1835
20231008,1839
20231007,1839
20231004,1839
20231002,1840
20231001,1840
20230930,1841
20230927,1850
20230926,1851
20230925,1855
20230923,1857
20230920,1859
20230919,1861
20230918,1881
20230917,1881
20230913,1881
20230912,1881
20230911,1881
20230910,1885
20230909,1886
20230905,1888
20230904,1923
20230903,1926
20230902,1926
20230830,1926
20230829,1926
20230828,1926
20230827,1929
20230826,1945
20230823,1947
20230822,1954
20230821,1954
20230820,1955
20230819,1955
20230816,1955
20230815,1955
20230814,1959
20230813,1963
20230812,1964
20230809,1964
20230808,1967
20230807,1969
20230806,1975
20230805,1975
20230801,1975
20230731,1992
20230730,1992
20230729,1992
20230726,1994
20230725,1999
20230724,2002
20230723,2010
20230722,2016
20230719,2016
20230718,2016
20230717,2031
20230716,2032
20230715,2032
20230712,2041
20230711,2046
20230710,2054
20230709,2083
20230708,2106
20230705,2106
20230704,2106
20230703,2119
20230702,2071
20230701,2130
20230628,2075
20230627,2034
20230626,2000
20230625,1977
20230624,2033
20230621,2040
20230620,2035
20230619,2016
20230618,1958
20230617,1921
20230614,1866
20230613,1833
20230612,1783
20230611,1752
20230610,1703
20230607,1666
20230606,1626
20230603,1593
20230531,1547
20230530,1540
20230529,1499
20230528,1535
20230527,1582
20230524,1582
20230523,1537
20230522,1558
20230521,1603
20230520,1641
20230517,1612
20230515,1657
20230514,1684
20230513,1726
20230510,1768
20230509,1780
20230508,1729
20230507,1715
20230506,1855
20230503,1855
20230502,1855
20230501,1814
20230430,1780
20230429,1746
20230426,1714
20230425,1689
20230424,1662
20230419,1634
20230418,1604
20230417,1558
20230416,1513
20230415,1469
20230411,1453
20230410,1453
20230409,1437
20230408,1397
20230405,1362
20230404,1328
20230403,1296
20230329,1269
20230328,1238
20230326,1167
20230325,1145
20230319,1143
20230318,1161
20230315,1184
20230314,1154
20230313,1140
20230312,1111
20230311,1145
20230307,1116
20230306,1085
20230305,1061
20230304,1044
20230301,1017
20230228,1026
20230227,1041
20230226,1072
20230225,1085
20230222,1054
20230221,1067
20230220,1037
20230219,1007
20230215,1007
20230214,1007
20230213,1008
20230212,1026
20230208,1053
20230207,1082
20230206,1114
20230205,1119
20230201,1132
20230131,1105
20230130,1078
20230129,1087
20230128,1090
20230125,1105
20230124,1135
20230123,1169
20230122,1192
20230121,1227
20230118,1239
20230117,1204
20230116,1233
20230115,1248
20230114,1248
20230111,1245
20230110,1209
20230109,1174
20230108,1140
20230107,1107
20230104,1075
20230103,1044
20230102,1014
20230101,985
20221231,957
20221228,931
20221226,904
20221225,883
20221224,859
20221221,835
20221220,814
20221219,829
20221218,846
20221217,847
20221214,837
20221213,860
20221212,846
20221211,831
20221210,831
20221207,818
20221206,797
20221205,774
20221204,753
20221203,768
20221130,789
20221129,772
20221128,752
20221127,733
20221126,729
20221123,715
20221122,703
20221121,692
20221120,676
20221119,658
20221116,677
20221115,678
20221114,673
20221113,684
20221112,677
20221109,662
20221108,673
20221107,665
20221106,648
20221105,641
20221102,637
20221101,640
20221031,624
20221030,617
20221029,634
20221026,651
20221025,670
20221024,682
20221023,685
20221022,687
20221019,682
20221018,697
20221017,689
20221016,694
20221015,710
20221012,718
20221011,720
20221010,708
20221009,704
20221008,723
20221004,719
20221003,717
20221002,730
20221001,749
20220928,743
20220926,732
20220924,733
20220921,754
20220920,774
20220919,791
20220918,803
20220914,819
20220913,821
20220912,815
20220911,821
20220910,841
20220907,861
20220906,848
20220905,826
20220904,806
20220903,796
20220831,817
20220830,799
20220829,780
20220828,801
20220827,811
20220824,807
20220823,788
20220822,770
20220821,758
20220820,752
20220817,741
20220816,736
20220815,732
20220814,720
20220813,702
20220810,687
20220809,673
20220806,673
20220803,673
20220802,673
20220801,673
20220731,674
20220730,693
20220727,710
20220726,709
20220725,730
20220724,738
20220723,738
20220720,738
20220719,738
20220717,738
20220716,742
20220713,759
20220712,740
20220711,761
20220709,778
20220706,797
20220705,796
20220704,776
20220703,794
20220702,816
20220629,831
20220628,807
20220627,787
20220626,798
20220625,791
20220622,788
20220621,789
20220620,811
20220619,831
20220618,830
20220615,807
20220614,824
20220613,839
20220612,844
20220611,869
20220608,881
20220607,881
20220606,881
20220601,881
20220531,872
20220530,863
20220529,878
20220528,904
20220525,910
20220524,889
20220523,915
20220522,943
20220521,943
20220518,943
20220517,943
20220516,931
20220515,914
20220514,938
20220511,943
20220510,942
20220509,962
20220508,937
20220507,917
20220502,914
20220501,925
20220430,921
20220427,921
20220426,930
20220425,908
20220424,920
20220420,894
20220419,875
20220418,867
20220417,844
20220416,848
20220413,828
20220412,843
20220411,865
20220410,856
20220409,833
20220406,810
20220405,812
20220404,822
20220403,839
20220330,840
20220329,838
20220328,815
20220327,815
20220326,812
20220319,813
20220316,815
20220315,834
20220314,856
20220313,834
20220312,825
20220309,847
20220308,866
20220307,843
20220306,827
20220305,805
20220302,805
20220228,783
20220227,761
20220226,779
20220223,760
20220222,750
20220221,745
20220220,745
20220219,738
20220216,725
20220214,718
20220213,718
20220212,702
20220209,683
20220208,678
20220207,693
20220206,712
20220205,734
20220202,746
20220201,766
20220131,745
20220130,733
20220129,714
20220126,694
20220125,693
20220124,713
20220123,733
20220122,755
20220119,776
20220118,798
20220117,818
20220116,837
20220115,861
20220112,885
20220111,898
20220110,922
20220109,915
20220108,915
20220105,915
20220104,900
20220103,894
20220102,894
20220101,894
20211229,894
20211228,901
20211227,902
20211226,906
20211225,934
20211222,934
20211221,942
20211220,915
20211219,898
20211218,874
20211215,896
20211214,916
20211213,935
20211212,937
20211211,937
20211208,937
20211207,937
20211206,937
20211205,963
20211204,986
20211201,986
20211130,1014
20211129,1037
20211128,1040
20211127,1054
20211124,1073
20211123,1102
20211122,1078
20211121,1060
20211120,1089
20211117,1121
20211116,1111
20211115,1079
20211114,1079
20211113,1050
20211110,1079
20211109,1069
20211108,1096
20211107,1126
20211106,1110
20211103,1090
20211102,1079
20211101,1069
20211031,1089
20211030,1113
20211027,1115
20211026,1162
20211025,1173
20211023,1209
20211020,1245
20211019,1270
20211018,1270
20211017,1275
20211016,1267
20211013,1287
20211012,1326
20211011,1390
20211010,1423
20211009,1467
20211006,1505
20211004,1465
20211003,1458
20211002,1473
20210929,1515
20210928,1559
20210926,1915
20210925,1915
20210922,1915
20210921,1974
20210920,1978
20210919,1985
20210918,2006
20210915,2015
20210914,2027
20210913,2055
20210912,2097
20210911,2036
20210908,1977
20210907,1920
20210906,1837
20210905,1784
20210904,1750
20210901,1716
20210831,1641
20210830,1603
20210829,1565
20210828,1527
20210825,1456
20210824,1423
20210823,1398
20210822,1359
20210815,1327
20210814,1356
20210811,1392
20210810,1404
20210809,1437
20210808,1477
20210807,1491
20210804,1450
20210803,1209
20210802,1209
20210801,1209
20210731,1209
20210728,1209
20210727,3400
20210726,3400
20210719,3400
20210718,3400
20210717,3400
20210714,3400
20210713,3400
20210712,3472
20210711,3395
20210710,3429
20210707,3525
20210706,3457
20210705,3466
20210704,3503
20210703,3540
20210630,3540
20210629,3540
20210628,3644
20210627,3750
20210626,3656
20210623,3734
20210622,3772
20210621,3840
20210620,3855
20210619,3897
20210616,3911
20210615,3942
20210614,4039
20210613,6040
20210612,6040
20210609,6040
20210608,6051
20210607,6053
20210602,6056
20210601,6057
20210531,6079
20210530,6080
20210529,6084
20210526,6090
20210525,6090
20210524,6093
20210523,6093
20210522,6093
20210519,6093
20210518,6093
20210517,6093
20210516,6098
20210515,6099
20210512,6100
20210511,6101
20210510,6103
20210509,6106
20210508,6107
20210505,6109
20210503,6110
20210502,6110
20210501,6110
20210428,6112
20210427,6113
20210426,6122
20210425,6123
20210424,6128
20210421,6129
20210420,6130
20210419,6130
20210418,6130
20210417,6150
20210414,6151
20210413,6152
20210412,6154
20210411,6157
20210410,6158
20210407,6158
20210406,6179
20210405,6180
20210404,6182
20210403,6183
20210331,6237
20210330,6241
20210328,6245
20210327,6262
20210317,6272
20210316,6333
20210315,6348
20210314,6353
20210313,6366
20210310,6372
20210309,6395
20210308,6400
20210307,6417
20210306,6421
20210303,6432
20210302,6432
20210301,6434
20210228,6439
20210227,6471
20210224,6473
20210223,6479
20210222,6482
20210221,6485
20210220,6512
20210217,6519
20210216,6548
20210215,6567
20210214,6583
20210213,6605
20210209,6605
20210208,6729
20210207,7083
20210206,7302
20210203,7328
20210202,7401
20210201,7626
20210131,7660
20210130,7736
20210127,7975
20210126,7975
20210125,7975
20210124,7975
20210123,8331
20210120,8454
20210119,8558
20210118,8599
20210116,8666
20210113,8722
20210112,8875
20210111,8846
20210110,8639
20210109,8639
20210106,8639
20210105,8639
20210104,8285
20210103,8053
20210102,7830
20201230,7670
20201229,7460
20201228,7467
20201227,7692
20201226,7863
20201223,7639
20201222,7639
20201221,7575
20201220,7803
20201219,7987
20201216,8199
20201215,8630
20201214,8749
20201213,8965
20201212,9221
20201209,9344
20201208,9094
20201207,9302
20201206,9075
20201205,9306
20201202,9593
20201201,9690
20201130,9478
20201129,9747
20201128,10042
20201125,10379
20201124,10393
20201123,10497
20201122,10514
20201121,10556
20201118,10571
20201117,10583
20201116,10600
20201115,10624
20201114,10732
20201111,10835
20201110,10838
20201109,10914
20201108,10917
20201107,10922
20201104,10924
20201102,10967
20201101,10972
20201031,10975
20201028,10982
20201027,11076
20201026,11086
20201024,11089
20201021,11107
20201020,11152
20201019,11165
20201018,11170
20201014,11180
20201013,11233
20201012,11273
20201011,11315
20201010,11492
20201007,11624
20201006,11624
20201005,11624
20201004,11730
20201003,11791
20200930,11852
20200929,11861
20200928,11910
20200927,11911
20200926,11929
20200923,11939
20200922,11988
20200921,12002
20200920,12064
20200919,12083
20200916,12152
20200915,12206
20200914,12295
20200913,12357
20200912,12433
20200909,12510
20200908,12579
20200907,12671
20200906,12682
20200905,12682
20200902,12682
20200901,12682
20200831,12682
20200826,12682
20200825,12682
20200824,13074
20200823,13167
20200822,13276
20200819,13887
20200818,14302
20200817,14744
20200816,15199
20200815,15669
20200812,15669
20200811,15669
20200810,15303
20200809,14881
20200805,14853
20200804,14161
20200803,13749
20200802,13349
20200801,12961
20200729,12344
20200728,11985
20200727,11636
20200726,11308
20200725,10990
20200722,10990
20200721,10990
20200720,11298
20200719,11067
20200718,11351
20200715,11199
20200714,11529
20200713,11470
20200712,11470
20200711,11470
20200708,11426
20200707,11457
20200706,11135
20200705,10811
20200704,10602
20200701,10655
20200630,10905
20200629,10990
20200628,11329
20200627,10889
20200624,10889
20200623,11225
20200622,11103
20200621,11271
20200620,10862
20200616,10546
20200615,10239
20200614,9941
20200613,9470
20200610,9195
20200609,8928
20200608,8993
20200607,9219
20200606,8953
20200602,8712
20200601,8838
20200531,9066
20200530,9181
20200527,8770
20200526,9023
20200523,9302
20200520,9553
20200519,9367
20200518,9511
20200517,10041
20200516,10041
20200513,10351
20200512,10658
20200511,10630
20200510,10060
20200509,10060
20200506,10060
20200505,10060
20200504,10060
20200503,9796
20200502,9511
20200429,9234
20200428,8795
20200427,8541
20200426,8293
20200425,8052
20200422,7669
20200421,7446
20200420,7287
20200419,7075
20200418,7075
20200415,7075
20200414,7075
20200413,7006
20200412,7190
20200411,7273
20200408,7082
20200407,6880
20200406,6948
20200405,6992
20200404,6790
20200330,6731
20200329,6929
20200328,6730
20200325,6534
20200324,6344
20200318,6181
20200317,6336
20200316,6509
20200315,6583
20200314,6786
20200311,7148
20200310,7416
20200309,7645
20200307,7881
20200304,8047
20200303,7673
20200302,7450
20200301,7234
20200229,7049
20200226,7132
20200225,6960
20200224,6758
20200223,6562
20200222,6562
20200219,6509
20200218,6321
20200217,6197
20200216,6026
20200215,5869
20200212,6029
20200210,6016
20200209,5992
20200208,5818
20200205,5761
20200204,5910
20200203,6035
20200202,5895
20200201,6002
20200128,6187
20200127,6148
20200126,5977
20200125,5803
20200122,5634
20200121,5634
20200120,5634
20200119,5634
20200118,5634
20200115,5634
20200114,5634
20200113,5634
20200112,5634
20200111,5634
20200108,5634
20200107,5634
20200105,5634
20200104,5634
20200101,5634
20191231,5634
20191230,5634
20191229,5634
20191228,5634
20191225,5634
20191224,5470
20191223,5336
20191222,5295
20191221,5161
20191218,5012
20191217,4813
20191216,4937
20191215,5047
20191214,5127
20191211,5250
20191210,5367
20191209,5264
20191208,5111
20191207,5247
20191204,5347
20191203,5350
20191202,4260
20191201,4260
20191130,4260
20191127,4260
20191126,4260
20191125,4260
20191124,4260
20191123,4260
20191120,4260
20191119,4260
20191118,4260
20191117,4260
20191116,4260
20191113,4138
20191112,4033
20191111,4124
20191110,4141
20191109,4032
20191105,3915
20191104,3801
20191103,3586
20191102,3482
20191030,3382
20191028,3192
20191026,3192
20191023,3192
20191022,3120
20191021,3192
20191020,3290
20191016,3463
20191015,3570
20191014,3680
20191013,3793
20191012,3887
20191009,3995
20191008,4117
20191007,4209
20191006,4154
20191005,4107
20191002,4007
20191001,4104
20190930,3889
20190929,3889
20190928,3898
20190925,4018
20190924,4234
20190923,4234
20190922,4234
20190921,4234
20190918,4234
20190917,4234
20190916,4364
20190915,4642
20190914,4642
20190911,4642
20190908,4642
20190907,4642
20190904,4642
20190903,4785
20190902,4932
20190901,5084
20190831,5241
20190828,5823
20190827,6470
20190826,6092
20190825,5548
20190824,5280
20190821,4841
20190819,4428
20190818,4150
20190817,4490
20190814,4539
20190813,4367
20190811,4387
20190810,3948
20190807,3948
20190806,3752
20190805,3444
20190804,3131
20190803,2667
20190731,2667
20190730,2565
20190729,2605
20190728,2582
20190727,2537
20190724,2671
20190723,2589
20190722,2551
20190721,2551
20190720,2551
20190717,2551
20190716,2551
20190715,2551
20190714,2721
20190713,2577
20190710,2406
20190709,2337
20190708,2467
20190707,2441
20190706,2365
20190703,2485
20190702,2582
20190701,2532
20190630,2509
20190626,2488
20190625,2640
20190624,2411
20190623,2411
20190622,2203
20190619,2086
20190618,2206
20190617,2261
20190616,2385
20190615,2316
20190612,2492
20190611,2543
20190610,2704
20190609,2755
20190608,2517
20190603,2517
20190602,2517
20190601,2517
20190529,2517
20190528,2517
20190526,2517
20190525,2400
20190522,2503
20190521,2635
20190520,2499
20190519,2708
20190518,2810
20190515,2767
20190514,2749
20190513,2524
20190512,2397
20190511,2636
20190508,2624
20190507,2915
20190506,2915
20190505,2915
20190504,2715
20190501,2481
20190430,2338
20190429,2335
20190428,2160
20190427,1969
20190424,1834
20190423,1702
20190422,1730
20190420,1777
20190417,1687
20190416,1679
20190415,1822
20190414,1755
20190413,1789
20190410,1882
20190409,1877
20190408,1797
20190407,1834
20190406,1800
20190331,1656
20190330,1529
20190327,1597
20190326,1488
20190325,1359
20190319,1291
20190318,954
20190317,2203
20190316,2203
20190313,2203
20190312,2203
20190311,2319
20190310,2312
20190309,2403
20190306,2304
20190305,2134
20190304,2263
20190303,2430
20190302,2324
20190227,2184
20190226,2086
20190225,2127
20190224,2121
20190223,2105
20190220,2138
20190219,2275
20190218,2177
20190217,1951
20190216,2051
20190213,2151
20190212,2083
20190210,2230
20190206,2230
20190205,2230
20190204,2230
20190203,2230
20190202,2230
20190130,2230
20190129,2230
20190128,2230
20190127,2230
20190126,2314
20190123,2441
20190122,2389
20190121,2266
20190120,2414
20190119,2207
20190116,2207
20190115,2207
20190114,2207
20190113,2207
20190112,2207
20190109,2207
20190108,2207
20190107,2207
20190106,2207
20190105,2207
20190102,2207
20190101,2207
20181231,2041
20181230,1924
20181229,1962
20181226,1924
20181225,1898
20181224,1928
20181223,2000
20181222,1915
20181219,1894
20181218,1833
20181217,1891
20181216,1886
20181215,1929
20181212,2018
20181211,1920
20181210,1920
20181209,1925
20181208,2046
20181205,2014
20181204,1943
20181203,2022
20181202,1900
20181201,1771
20181128,1913
20181127,1966
20181126,1877
20181124,2018
20181121,2160
20181120,2124
20181119,2220
20181118,2145
20181117,2340
20181114,2356
20181113,2439
20181112,2389
20181111,2238
20181110,2398
20181106,2387
20181105,2187
20181104,2040
20181103,2174
20181031,2200
20181029,2140
20181028,2018
20181027,1868
20181024,1745
20181023,1856
20181022,2028
20181021,2313
20181020,2166
20181017,1981
20181016,1877
20181015,1723
20181014,1581
20181013,1748
20181010,1907
20181009,2030
20181008,1898
20181007,2086
20181006,2260
20181003,2328
20181002,2459
20181001,2671
20180930,2550
20180929,2163
20180926,2163
20180925,1967
20180924,1821
20180923,1917
20180922,1926
20180918,1831
20180917,1699
20180916,1549
20180915,1648
20180912,1548
20180911,1422
20180910,1317
20180909,1132
20180908,1132
20180905,1083
20180904,989
20180903,900
20180902,849
20180901,835
20180829,861
20180828,847
20180827,847
20180826,896
20180825,836
20180821,764
20180820,706
20180819,648
20180818,644
20180815,637
20180814,639
20180813,658
20180812,654
20180811,640
20180808,620
20180807,620
20180806,634
20180805,634
20180804,635
20180801,669
20180731,655
20180730,618
20180729,631
20180728,641
20180727,636
20180726,636
20180725,636
20180724,643
20180723,659
20180722,671
20180721,688
20180718,667
20180717,675
20180716,689
20180715,700
20180714,700
20180711,700
20180710,700
20180708,700
20180707,698
20180704,703
20180703,665
20180702,654
20180701,659
20180630,675
20180627,666
20180626,678
20180625,706
20180624,720
20180623,719
20180620,712
20180619,726
20180618,755
20180617,724
20180613,664
20180612,630
20180611,634
20180610,647
20180609,647
20180603,647
20180602,632
20180530,615
20180529,622
20180528,624
20180527,639
20180526,645
20180523,631
20180522,632
20180521,632
20180520,644
20180519,656
20180516,645
20180515,664
20180514,666
20180513,640
20180512,615
20180509,604
20180508,634
20180507,610
20180506,601
20180505,637
20180501,654
20180430,671
20180429,662
20180428,666
20180425,692
20180424,692
20180423,651
20180422,664
20180421,666
20180418,677
20180417,661
20180416,656
20180415,680
20180411,681
20180410,708
20180409,689
20180408,713
20180407,724
20180404,735
20180403,749
20180328,739
20180327,734
20180326,745
20180325,757
20180319,759
20180318,731
20180317,745
20180314,737
20180313,721
20180312,729
20180311,724
20180310,734
20180307,748
20180306,734
20180305,750
20180304,758
20180303,767
20180228,795
20180227,792
20180226,759
20180225,762
20180224,766
20180221,774
20180219,782
20180218,786
20180217,799
20180214,816
20180213,801
20180212,809
20180210,793
20180207,825
20180206,826
20180205,844
20180204,870
20180203,836
20180131,840
20180130,846
20180129,877
20180128,906
20180127,834
20180124,815
20180123,852
20180122,828
20180121,855
20180120,826
20180117,779
20180116,768
20180115,800
20180114,822
20180113,805
20180110,770
20180109,800
20180108,783
20180107,733
20180106,708
20180103,676
20180102,690
20180101,693
20171231,671
20171230,717
20171227,733
20171226,704
20171225,708
20171224,725
20171223,721
20171220,729
20171219,749
20171218,749
20171217,716
20171216,704
20171215,684
20171214,684
20171213,684
20171212,686
20171211,689
20171210,699
20171209,691
20171205,692
20171204,699
20171203,703
20171202,727
20171129,711
20171128,682
20171126,688
20171125,696
20171122,689
20171121,697
20171120,695
20171118,704
20171115,703
20171114,722
20171113,718
20171112,702
20171111,708
20171108,704
20171107,709
20171106,729
20171105,718
20171104,731
20171101,750
20171031,770
20171030,733
20171029,722
20171028,705
20171025,685
20171024,695
20171023,681
20171022,701
20171021,717
20171018,697
20171017,667
20171016,670
20171015,684
20171014,687
20171011,651
20171010,665
20171009,670
20171008,660
20171007,719
20171004,741
20171003,721
20171002,739
20170927,752
20170926,763
20170925,759
20170924,742
20170923,738
20170920,751
20170919,771
20170918,765
20170917,766
20170916,774
20170913,777
20170912,797
20170911,800
20170910,767
20170906,810
20170905,823
20170904,832
20170903,799
20170902,750
20170830,724
20170829,734
20170828,736
20170827,710
20170826,693
20170823,641
20170822,658
20170821,655
20170820,673
20170819,677
20170816,652
20170815,657
20170814,666
20170813,676
20170812,685
20170809,681
20170808,698
20170807,707
20170806,695
20170802,690
20170801,706
20170731,716
20170730,692
20170729,660
20170726,682
20170725,717
20170724,692
20170723,641
20170722,607
20170719,624
20170718,615
20170717,573
20170716,573
20170715,573
20170712,573
20170711,573
20170710,585
20170709,580
20170708,592
20170705,605
20170704,641
20170703,634
20170702,580
20170701,594
20170628,604
20170625,600
20170624,605
20170621,624
20170620,635
20170619,642
20170618,643
20170617,664
20170614,644
20170613,634
20170612,629
20170611,641
20170610,646
20170607,659
20170606,658
20170603,673
20170531,681
20170530,702
20170529,676
20170528,716
20170527,725
20170524,667
20170523,626
20170522,640
20170521,644
20170520,680
20170517,643
20170516,607
20170515,611
20170514,630
20170513,655
20170510,639
20170509,635
20170508,695
20170507,677
20170506,706
20170503,753
20170502,770
20170501,746
20170430,772
20170429,768
20170426,707
20170424,770
20170423,840
20170422,917
20170419,902
20170418,830
20170417,899
20170416,979
20170415,931
20170412,847
20170410,787
20170409,716
20170408,656
20170405,631
20170404,632
20170403,581
20170329,547
20170328,563
20170327,512
20170326,466
20170325,424
20170318,386
20170315,352
20170314,320
20170313,291
20170312,265
20170311,265
20170308,265
20170307,265
20170306,268
20170305,273
20170304,281
20170301,293
20170228,298
20170227,299
20170226,301
20170225,300
20170222,306
20170221,301
20170220,299
20170219,304
20170218,311
20170215,313
20170214,303
20170213,307
20170212,321
20170211,325
20170208,330
20170207,331
20170206,331
20170205,332
20170204,337
20170201,340
20170131,343
20170130,340
20170129,340
20170128,351
20170125,342
20170124,347
20170123,345
20170122,357
20170121,357
20170118,355
20170117,336
20170116,342
20170115,348
20170114,358
20170111,356
20170109,359
20170108,341
20170107,358
20170104,345
20170103,358
20170102,361
20170101,370
20161231,373
20161228,378
20161227,372
20161226,379
20161225,382
20161224,384
20161221,379
20161220,375
20161219,376
20161218,380
20161214,371
20161213,388
20161212,381
20161211,389
20161210,388
20161207,383
20161206,381
20161205,387
20161204,390
20161203,388
20161129,400
20161127,400
20161126,394
20161123,393
20161122,399
20161121,420
20161119,416
20161116,416
20161115,416
20161114,416
20161113,416
20161112,416
20161109,416
20161108,416
20161107,416
20161106,416
20161105,416
20161102,416
20161101,416
20161031,416
20161030,416
20161029,416
20161028,416
20161027,416
20161026,416
20161025,416
20161024,400
20161023,411
20161022,425
20161019,413
20161018,402
20161017,391
20161016,386
20161015,386
20161012,393
20161010,393
20161009,392
20161008,397
20161005,399
20161004,393
20161003,397
20161002,398
20161001,405
20160928,401
20160927,397
20160926,402
20160925,398
20160924,404
20160921,395
20160919,403
20160918,395
20160917,397
20160914,400
20160913,402
20160911,390
20160910,392
20160907,393
20160906,399
20160905,402
20160904,399
20160903,401
20160831,404
20160830,401
20160829,403
20160828,403
20160827,405
20160824,411
20160823,410
20160822,407
20160821,414
20160820,417
20160817,420
20160816,418
20160815,421
20160814,419
20160813,420
20160810,421
20160809,419
20160808,428
20160807,435
20160806,440
20160803,440
20160802,434
20160801,437
20160731,451
20160727,446
20160726,447
20160725,452
20160724,465
20160723,465
20160720,487
20160719,489
20160718,481
20160717,442
20160716,473
20160713,473
20160712,473
20160711,473
20160710,473
20160709,488
20160705,497
20160704,508
20160703,470
20160702,457
20160629,442
20160628,432
20160626,409
20160625,413
20160622,409
20160621,401
20160620,408
20160619,411
20160618,411
20160615,409
20160614,399
20160613,411
20160612,415
20160611,433
20160608,435
20160607,437
20160606,451
20160605,460
20160601,457
20160531,453
20160530,467
20160529,464
20160528,468
20160525,473
20160524,468
20160523,473
20160521,473
20160518,479
20160517,476
20160516,480
20160515,483
20160514,482
20160511,483
20160510,496
20160509,504
20160508,498
20160507,499
20160504,512
20160503,530
20160502,506
20160501,486
20160430,490
20160427,484
20160426,486
20160425,487
20160424,495
20160423,497
20160420,489
20160419,516
20160418,515
20160417,494
20160416,490
20160413,506
20160412,516
20160411,521
20160410,530
20160409,532
20160406,588
20160405,552
20160404,528
20160403,539
20160402,544
20160330,512
20160329,492
20160328,481
20160327,486
20160326,496
20160316,468
20160315,465
20160314,482
20160312,494
20160309,517
20160308,498
20160307,518
20160306,550
20160305,562
20160302,576
20160301,602
20160229,588
20160228,599
20160227,600
20160224,589
20160223,598
20160222,600
20160221,594
20160220,613
20160217,605
20160216,602
20160215,618
20160214,628
20160213,617
20160210,655
20160209,696
20160208,706
20160207,617
20160206,568
20160203,555
20160202,578
20160201,576
20160131,592
20160130,603
20160127,601
20160126,572
20160125,565
20160124,587
20160123,584
20160120,598
20160119,586
20160118,527
20160117,508
20160116,504
20160113,501
20160112,494
20160111,494
20160110,496
20160109,505
20160106,512
20160105,520
20160104,498
20160103,501
20160102,516
20151230,503
20151228,516
20151227,546
20151226,510
20151223,485
20151222,488
20151221,500
20151220,508
20151219,510
20151216,532
20151215,544
20151214,523
20151213,531
20151209,520
20151208,531
20151207,526
20151206,505
20151205,510
20151201,511
20151130,565
20151129,520
20151128,457
20151125,412
20151124,398
20151123,389
20151122,398
20151121,405
20151118,380
20151117,374
20151116,358
20151115,362
20151114,395
20151111,394
20151110,359
20151109,360
20151108,358
20151107,362
20151104,358
20151103,353
20151102,345
20151101,352
20151031,371
20151028,340
20151027,349
20151026,343
20151025,388
20151021,400
20151020,403
20151019,411
20151018,427
20151017,444
20151014,439
20151013,417
20151012,410
20151011,410
20151010,403
20151007,418
20151006,404
20151005,404
20151004,397
20151003,406
20150930,410
20150929,401
20150928,405
20150927,405
20150926,431
20150923,439
20150922,418
20150921,408
20150920,425
20150919,443
20150916,439
20150915,450
20150914,472
20150913,461
20150912,422
20150909,399
20150908,389
20150907,400
20150906,412
20150905,436
20150902,436
20150901,436
20150831,436
20150830,446
20150829,459
20150826,452
20150825,442
20150824,443
20150823,452
20150822,454
20150819,472
20150818,468
20150817,491
20150816,457
20150815,497
20150812,502
20150810,511
20150809,518
20150808,534
20150805,530
20150804,557
20150803,745
20150802,546
20150801,546
20150729,12478
20150728,12478
20150727,12478
20150726,12478
20150725,12478
20150722,12478
20150721,12478
20150720,12478
20150719,12478
20150715,12478
20150714,13678
20150713,14218
20150712,13608
20150711,14813
20150707,11091
20150706,9876
20150705,9876
20150704,9876
20150701,9876
20150630,9651
20150629,9651
20150628,9651
20150627,8500
20150624,8000
20150623,7550
20150622,7510
20150621,7027
20150620,7027
20150617,7000
20150616,6509
20150615,6500
20150614,6500
20150613,6770
20150610,7000
20150609,7000
20150608,7000
20150607,7000
20150606,7000
20150602,7000
20150601,7000
20150531,7000
20150530,7000
20150527,7000
20150526,7000
20150525,7000
20150524,7000
20150523,7000
20150520,7100
20150519,7100
20150518,6963
20150517,6963
20150513,6963
20150512,7000
20150511,7000
20150510,7000
20150509,7000
20150506,7000
20150505,7000
20150504,7000
20150503,7000
20150429,7000
20150428,7000
20150427,7000
20150426,7723
20150425,7723
20150422,7723
20150421,7723
20150420,7723
20150419,7723
20150418,7723
20150415,7723
20150414,7723
20150413,7723
20150412,7901
20150411,7901
20150408,7901
20150407,7901
20150406,7901
20150405,7901
20150404,7901
20150331,7901
20150330,7901
20150329,7901
20150328,7901
20150325,7901
20150318,7901
20150317,7901
20150316,7901
20150315,7901
20150314,7901
20150311,7901
20150310,7700
20150309,7700
20150308,7700
20150307,7700
20150304,7700
20150303,7700
20150302,7700
20150301,7700
20150228,7700
20150225,7700
20150224,7563
20150223,7563
20150222,7084
20150221,6997
20150218,6997
20150217,6997
20150216,6997
20150215,6997
20150214,6997
20150210,4800
20150209,4800
20150208,4800
20150207,4800
20150204,4800
20150203,4800
20150202,4800
20150201,5265
20150131,5265
20150128,5265
20150127,5265
20150126,5265
20150125,5628
20150124,5058
20150121,5058
20150120,5058
20150119,4925
20150118,4925
20150117,4925
20150114,3930
20150113,3100
20150112,3100
20150111,3100
20150110,3100
20150107,3000
20150106,4123
20150105,4123
20150104,4123
20150103,4123
20141231,4123
20141230,4123
20141229,4123
20141228,4123
20141227,4123
20141224,4123
20141222,4123
20141220,4123
20141217,4123
20141216,4123
20141215,4123
20141214,4123
20141210,4123
20141209,4123
20141208,4123
20141207,4123
20141206,4123
20141203,3616
20141202,3616
20141201,3616
20141130,3616
20141129,3616
20141126,3616
20141125,3000
20141124,3000
20141123,3000
20141122,3000
20141119,3000
20141118,3000
20141117,3000
20141116,3000
20141115,3000
20141112,3000
20141111,3600
20141110,3600
20141109,3600
20141108,3600
20141105,3600
20141102,3600
20141101,3600
20141029,3600
20141028,3600
20141027,3600
20141026,3600
20141025,2740
20141022,2740
20141021,2740
20141020,2740
20141019,3020
20141018,3020
20141015,3020
20141014,3020
20141012,3020
20141011,3020
20141008,3020
20141007,3020
20141006,3020
20141004,3020
20141001,3020
20140930,3020
20140929,3020
20140928,3020
20140927,3020
20140924,3020
20140923,3020
20140922,4000
20140921,4000
20140920,4000
20140917,4000
20140916,4000
20140915,4000
20140914,4000
20140913,3964
20140910,3291
20140909,3302
20140908,3302
20140907,2692
20140906,2692
20140903,2692
20140902,2692
20140901,2692
20140831,2692
20140830,2692
20140827,2692
20140826,2692
20140825,2692
20140824,2692
20140823,2692
20140820,2692
20140819,2692
20140818,2692
20140817,2110
20140816,2110
20140813,2110
20140812,2110
20140811,2110
20140810,2110
20140809,2810
20140806,2810
20140805,2810
20140804,2810
20140803,2810
20140802,2810
20140728,2110
20140727,2110
20140726,2110
20140723,2110
20140722,2110
20140721,2110
20140720,2110
20140716,2110
20140715,2110
20140714,2110
20140713,2110
20140712,2110
20140709,2110
20140708,2100
20140707,2100
20140706,2070
20140705,2070
20140702,2070
20140701,3169
20140630,3169
20140629,3169
20140628,3169
20140625,3169
20140624,3229
20140623,3229
20140622,3000
20140621,3000
20140618,3000
20140617,3000
20140616,3000
20140615,3000
20140614,2949
20140611,2711
20140610,2747
20140609,2747
20140608,2687
20140607,2778
20140603,2386
20140602,1470
20140601,1470
20140531,1501
20140528,1501
20140526,1501
20140525,1699
20140524,1692
20140521,1284
20140520,1284
20140519,1284
20140518,1284
20140517,1412
20140514,1700
20140512,1691
20140511,1305
20140510,1305
20140507,1200
20140506,1200
20140505,1200
20140504,1200
20140503,1200
20140430,1377
20140429,1377
20140428,1377
20140427,1377
20140426,1377
20140423,1442
20140422,1442
20140421,1442
20140420,1442
20140419,1442
20140416,1442
20140415,1442
20140414,1442
20140413,1442
20140412,1442
20140409,1300
20140408,1300
20140407,1174
20140406,1174
20140405,1174
20140331,1290
20140330,1290
20140329,1290
20140326,1111
20140325,1200
20140319,1200
20140318,1200
20140317,1200
20140316,1200
20140315,1200
20140312,1200
20140311,1200
20140310,1200
20140309,1476
20140308,1476
20140305,1476
20140304,1220
20140303,1220
20140302,1220
20140301,1220
20140226,1220
20140225,1500
20140224,1500
20140223,1500
20140222,1490
20140219,1490
20140218,1460
20140217,1501
20140216,1492
20140215,1492
20140212,1492
20140210,1492
20140209,1492
20140208,1492
20140205,1503
20140204,1502
20140203,1502
20140202,1502
20140201,1502
20140129,1502
20140128,1496
20140127,1496
20140126,1496
20140125,1496
20140122,1496
20140121,1496
20140120,1502
20140118,1502
20140115,1502
20140114,1502
20140113,1502
20140112,1200
20140111,1200
20140108,1200
20140107,1200
20140106,1200
20140105,1200
20140104,1200
20140101,1000
20131230,1000
20131229,1000
20131228,1000
20131225,1000
20131224,950
20131222,950
20131221,950
20131218,950
20131217,950
20131216,950
20131215,950
20131214,950
20131211,950
20131210,950
20131209,950
20131208,950
20131207,950
20131204,950
20131203,950
20131202,950
20131201,950
20131130,950
20131127,950
20131126,950
20131125,950
20131124,950
20131123,950
20131120,950
20131119,950
20131118,950
20131117,950
20131116,950
20131112,950
20131111,950
20131110,950
20131109,950
20131106,950
20131105,950
20131104,950
20131103,950
20131102,950
20131030,950
20131029,950
20131028,950
20131027,950
20131026,950
20131023,950
20131022,950
20131021,950
20131020,950
20131019,1000
20131015,1000
20131014,1000
20131013,1000
20131012,1000
20131009,1000
20131008,1000
20131007,1000
20131006,1000
20131005,1000
20131002,1000
20131001,1000
20130930,1000
20130929,1000
20130928,1000
20130925,1000
20130924,1000
20130923,1000
20130922,1000
20130921,1000
20130918,1000
20130917,1000
20130916,1000
20130915,1000
20130914,1000
20130911,1000
20130910,1000
20130909,1000
20130908,1000
20130907,1000
20130904,1000
20130903,1000
20130901,1000
20130831,1000
20130828,1000
20130827,1000
20130826,1000
20130825,1000
20130824,1000
20130821,1000
20130820,1000
20130819,1000
20130818,1000
20130817,1000
20130814,1000
20130813,1000
20130812,1000
20130811,1000
20130810,1000
20130807,1000
20130806,1000
20130805,1000
20130804,1000
20130803,1000
20130731,1000
20130729,1000
20130728,1000
20130727,1000
20130724,1000
20130723,1000
20130722,1000
20130721,1000
20130720,1000
20130717,1000
20130716,1000
20130715,1000
20130714,1000
20130713,1000
20130710,1000
20130709,1000
20130708,1000
20130707,1000
20130706,1000
20130703,1000
20130702,1000
20130701,1000
20130630,1000
20130629,1000
20130626,1000
20130625,1000
20130623,1000
20130622,1000
20130619,1000
20130618,1000
20130617,1000
20130616,1000
20130615,1000
20130612,1000
20130611,1000
20130610,1000
20130609,1000
20130608,1000
20130603,1000
20130602,1000
20130601,1000
20130529,1000
20130528,1000
20130527,1000
20130526,1000
20130525,1000
20130522,1000
20130521,1000
20130520,1000
20130519,1000
20130518,1000
20130515,1000
20130514,1000
20130513,1000
20130512,1000
20130511,1000
20130508,1000
20130507,1000
20130506,1000
20130505,1000
20130504,1000
20130501,1000
20130430,1000
20130429,1000
20130428,1000
20130427,1000
20130424,1000
20130423,1000
20130422,1000
20130421,1000
20130420,1000
20130417,1000
20130416,1000
20130415,1000
20130413,1000
20130410,1000
20130409,1000
20130408,1000
20130407,1000
20130406,1000
20130403,1000
20130331,1000
20130330,1000
20130327,1000
20130326,1000
20130325,1000
20130318,1000
20130317,1000
20130316,1000
20130313,1000
20130312,1000
20130311,1000
20130310,1000
20130309,1000
20130306,1000
20130305,1000
20130304,1000
20130303,1000
20130302,1000
20130227,1000
20130226,1000
20130225,1000
20130224,1000
20130223,1000
20130220,1000
20130219,1000
20130218,1000
20130217,1000
20130216,1000
20130213,1000
20130212,1000
20130211,1000
20130209,1000
20130206,1000
20130205,1000
20130204,1000
20130203,1000
20130202,1000
20130130,1000
20130128,1000
20130127,1000
20130126,1000
20130123,1000
20130122,1000
20130121,1000
20130120,1000
20130119,1000
20130116,1000
20130115,1000
20130114,1000
20130113,1000
20130109,1000
20130108,1000
20130107,1000
20130106,1000
20130102,1000
20130101,1000
20121231,1000
20121230,1000
20121229,1000
20121226,1000
20121225,1000
20121224,1000
20121223,1000
20121222,1000
20121219,1000
20121218,1000
20121217,1000
20121216,1000
20121215,1000
20121212,1000
20121211,1000
20121210,1000
20121209,1000
20121208,1000
20121205,1000
20121204,1000
20121203,1000
20121202,1000
20121201,1000
20121128,1000
20121127,1000
20121126,1000
20121121,1000
20121120,1000
20121119,1000
20121118,1000
20121117,1000
20121114,1000
20121113,1000
20121112,1000
20121111,1000
20121110,1000
20121107,1000
20121106,1000
20121105,1000
20121104,1000
20121031,1000
20121030,1000
20121029,1000
20121028,1000
20121027,1000
20121024,1000
20121023,1000
20121022,1000
20121021,1000
20121020,1000
20121017,1000
20121016,1000
20121015,1000
20121014,1000
20121013,1000
20121010,1000
20121009,1000
20121008,1000
20121007,1000
20121006,1000
20121003,1000
20121002,1000
20121001,1000
20120930,1000
20120929,1000
20120926,1000
20120925,1000
20120924,1000
20120923,1000
